loja,ano,semana,semana_inicio,receita
Loja_01,2025,2,2025-01-06,134837.12
Loja_01,2025,3,2025-01-13,92049.63
Loja_01,2025,4,2025-01-20,136104.75
Loja_01,2025,5,2025-01-27,131559.61
Loja_01,2025,6,2025-02-03,120393.23
Loja_01,2025,7,2025-02-10,141928.6
Loja_01,2025,8,2025-02-17,115497.64
Loja_01,2025,9,2025-02-24,98962.33
Loja_01,2025,10,2025-03-03,151399.82
Loja_01,2025,11,2025-03-10,117397.77
Loja_01,2025,12,2025-03-17,165015.61
Loja_01,2025,13,2025-03-24,129975.93
Loja_01,2025,14,2025-03-31,160266.11
Loja_01,2025,15,2025-04-07,102229.33
Loja_01,2025,16,2025-04-14,117990.03
Loja_01,2025,17,2025-04-21,141601.41
Loja_01,2025,18,2025-04-28,101927.14
Loja_01,2025,19,2025-05-05,99465.36
Loja_01,2025,20,2025-05-12,105383.87
Loja_01,2025,21,2025-05-19,139487.56
Loja_01,2025,22,2025-05-26,130234.92
Loja_01,2025,23,2025-06-02,131874.42
Loja_01,2025,24,2025-06-09,135189.24
Loja_01,2025,25,2025-06-16,123629.63
Loja_01,2025,26,2025-06-23,133379.63
Loja_01,2025,27,2025-06-30,135026.51
Loja_01,2025,28,2025-07-07,113163.6
Loja_01,2025,29,2025-07-14,115180.02
Loja_01,2025,30,2025-07-21,111364.8
Loja_01,2025,31,2025-07-28,100988.39
Loja_01,2025,32,2025-08-04,93966.9
Loja_01,2025,33,2025-08-11,112420.58
Loja_01,2025,34,2025-08-18,127648.5
Loja_01,2025,35,2025-08-25,120434.34
Loja_01,2025,36,2025-09-01,130761.45
Loja_01,2025,37,2025-09-08,119160.62
Loja_01,2025,38,2025-09-15,105446.59
Loja_01,2025,39,2025-09-22,106837.49
Loja_01,2025,40,2025-09-29,124900.64
Loja_01,2025,41,2025-10-06,123780.94
Loja_01,2025,42,2025-10-13,118065.32
Loja_01,2025,43,2025-10-20,150881.4
Loja_01,2025,44,2025-10-27,109679.48
Loja_01,2025,45,2025-11-03,122118.33
Loja_01,2025,46,2025-11-10,91240.4
Loja_01,2025,47,2025-11-17,115068.24
Loja_01,2025,48,2025-11-24,108582.49
Loja_01,2025,49,2025-12-01,84202.04
Loja_01,2025,50,2025-12-08,121094.85
Loja_01,2025,51,2025-12-15,106230.06
Loja_01,2025,52,2025-12-22,112645.12
Loja_01,2025,1,2025-12-29,118067.7
Loja_02,2025,2,2025-01-06,106665.06
Loja_02,2025,3,2025-01-13,101086.31
Loja_02,2025,4,2025-01-20,120294.06
Loja_02,2025,5,2025-01-27,119321.64
Loja_02,2025,6,2025-02-03,106571.81
Loja_02,2025,7,2025-02-10,107490.17
Loja_02,2025,8,2025-02-17,111192.46
Loja_02,2025,9,2025-02-24,131354.92
Loja_02,2025,10,2025-03-03,152538.13
Loja_02,2025,11,2025-03-10,129413.75
Loja_02,2025,12,2025-03-17,125967.75
Loja_02,2025,13,2025-03-24,133270.48
Loja_02,2025,14,2025-03-31,143779.71
Loja_02,2025,15,2025-04-07,152065.79
Loja_02,2025,16,2025-04-14,122897.8
Loja_02,2025,17,2025-04-21,112349.82
Loja_02,2025,18,2025-04-28,140766.3
Loja_02,2025,19,2025-05-05,120352.43
Loja_02,2025,20,2025-05-12,101445.61
Loja_02,2025,21,2025-05-19,133326.0
Loja_02,2025,22,2025-05-26,138938.29
Loja_02,2025,23,2025-06-02,110561.28
Loja_02,2025,24,2025-06-09,128612.99
Loja_02,2025,25,2025-06-16,117893.76
Loja_02,2025,26,2025-06-23,121355.61
Loja_02,2025,27,2025-06-30,131805.67
Loja_02,2025,28,2025-07-07,131646.87
Loja_02,2025,29,2025-07-14,108175.16
Loja_02,2025,30,2025-07-21,119739.99
Loja_02,2025,31,2025-07-28,109550.77
Loja_02,2025,32,2025-08-04,109778.47
Loja_02,2025,33,2025-08-11,85375.86
Loja_02,2025,34,2025-08-18,95532.88
Loja_02,2025,35,2025-08-25,110552.87
Loja_02,2025,36,2025-09-01,90542.21
Loja_02,2025,37,2025-09-08,80134.04
Loja_02,2025,38,2025-09-15,97645.9
Loja_02,2025,39,2025-09-22,90729.46
Loja_02,2025,40,2025-09-29,92586.18
Loja_02,2025,41,2025-10-06,105315.19
Loja_02,2025,42,2025-10-13,89849.42
Loja_02,2025,43,2025-10-20,113122.63
Loja_02,2025,44,2025-10-27,82968.45
Loja_02,2025,45,2025-11-03,92035.74
Loja_02,2025,46,2025-11-10,115620.75
Loja_02,2025,47,2025-11-17,117226.84
Loja_02,2025,48,2025-11-24,100042.06
Loja_02,2025,49,2025-12-01,96166.64
Loja_02,2025,50,2025-12-08,103703.18
Loja_02,2025,51,2025-12-15,101738.26
Loja_02,2025,52,2025-12-22,122754.74
Loja_02,2025,1,2025-12-29,103492.88
Loja_03,2025,2,2025-01-06,158848.66
Loja_03,2025,3,2025-01-13,176804.34
Loja_03,2025,4,2025-01-20,146950.83
Loja_03,2025,5,2025-01-27,170313.05
Loja_03,2025,6,2025-02-03,152719.99
Loja_03,2025,7,2025-02-10,180309.94
Loja_03,2025,8,2025-02-17,186433.67
Loja_03,2025,9,2025-02-24,202192.18
Loja_03,2025,10,2025-03-03,172142.17
Loja_03,2025,11,2025-03-10,225890.87
Loja_03,2025,12,2025-03-17,198479.95
Loja_03,2025,13,2025-03-24,167064.95
Loja_03,2025,14,2025-03-31,163069.45
Loja_03,2025,15,2025-04-07,197776.18
Loja_03,2025,16,2025-04-14,179367.42
Loja_03,2025,17,2025-04-21,173635.85
Loja_03,2025,18,2025-04-28,189638.49
Loja_03,2025,19,2025-05-05,183607.17
Loja_03,2025,20,2025-05-12,129111.17
Loja_03,2025,21,2025-05-19,191492.68
Loja_03,2025,22,2025-05-26,192598.83
Loja_03,2025,23,2025-06-02,208003.02
Loja_03,2025,24,2025-06-09,185950.98
Loja_03,2025,25,2025-06-16,208820.14
Loja_03,2025,26,2025-06-23,156660.85
Loja_03,2025,27,2025-06-30,196545.43
Loja_03,2025,28,2025-07-07,202257.8
Loja_03,2025,29,2025-07-14,172210.22
Loja_03,2025,30,2025-07-21,172058.65
Loja_03,2025,31,2025-07-28,171787.47
Loja_03,2025,32,2025-08-04,146794.95
Loja_03,2025,33,2025-08-11,130874.28
Loja_03,2025,34,2025-08-18,175299.6
Loja_03,2025,35,2025-08-25,163934.18
Loja_03,2025,36,2025-09-01,169822.1
Loja_03,2025,37,2025-09-08,171493.71
Loja_03,2025,38,2025-09-15,152764.47
Loja_03,2025,39,2025-09-22,142533.59
Loja_03,2025,40,2025-09-29,163438.64
Loja_03,2025,41,2025-10-06,133349.61
Loja_03,2025,42,2025-10-13,157872.07
Loja_03,2025,43,2025-10-20,164429.94
Loja_03,2025,44,2025-10-27,120773.41
Loja_03,2025,45,2025-11-03,144436.25
Loja_03,2025,46,2025-11-10,170452.21
Loja_03,2025,47,2025-11-17,171282.83
Loja_03,2025,48,2025-11-24,167534.55
Loja_03,2025,49,2025-12-01,171071.77
Loja_03,2025,50,2025-12-08,195873.17
Loja_03,2025,51,2025-12-15,173594.72
Loja_03,2025,52,2025-12-22,158781.37
Loja_03,2025,1,2025-12-29,195859.37
Loja_04,2025,2,2025-01-06,171692.14
Loja_04,2025,3,2025-01-13,149153.41
Loja_04,2025,4,2025-01-20,145869.78
Loja_04,2025,5,2025-01-27,153473.07
Loja_04,2025,6,2025-02-03,155810.37
Loja_04,2025,7,2025-02-10,170697.11
Loja_04,2025,8,2025-02-17,183842.52
Loja_04,2025,9,2025-02-24,153634.23
Loja_04,2025,10,2025-03-03,165087.51
Loja_04,2025,11,2025-03-10,181105.11
Loja_04,2025,12,2025-03-17,169608.51
Loja_04,2025,13,2025-03-24,184035.34
Loja_04,2025,14,2025-03-31,154957.22
Loja_04,2025,15,2025-04-07,193077.36
Loja_04,2025,16,2025-04-14,179461.52
Loja_04,2025,17,2025-04-21,182439.77
Loja_04,2025,18,2025-04-28,183715.0
Loja_04,2025,19,2025-05-05,191048.39
Loja_04,2025,20,2025-05-12,160537.78
Loja_04,2025,21,2025-05-19,146105.99
Loja_04,2025,22,2025-05-26,157316.77
Loja_04,2025,23,2025-06-02,176784.93
Loja_04,2025,24,2025-06-09,198964.78
Loja_04,2025,25,2025-06-16,131440.17
Loja_04,2025,26,2025-06-23,142867.82
Loja_04,2025,27,2025-06-30,152538.66
Loja_04,2025,28,2025-07-07,137684.06
Loja_04,2025,29,2025-07-14,152286.95
Loja_04,2025,30,2025-07-21,136210.48
Loja_04,2025,31,2025-07-28,145684.05
Loja_04,2025,32,2025-08-04,134821.55
Loja_04,2025,33,2025-08-11,154337.59
Loja_04,2025,34,2025-08-18,150045.84
Loja_04,2025,35,2025-08-25,142173.01
Loja_04,2025,36,2025-09-01,136992.95
Loja_04,2025,37,2025-09-08,141425.74
Loja_04,2025,38,2025-09-15,118918.79
Loja_04,2025,39,2025-09-22,112870.12
Loja_04,2025,40,2025-09-29,122231.52
Loja_04,2025,41,2025-10-06,104267.51
Loja_04,2025,42,2025-10-13,126067.02
Loja_04,2025,43,2025-10-20,148141.4
Loja_04,2025,44,2025-10-27,116981.51
Loja_04,2025,45,2025-11-03,128314.48
Loja_04,2025,46,2025-11-10,123970.79
Loja_04,2025,47,2025-11-17,138599.9
Loja_04,2025,48,2025-11-24,148365.56
Loja_04,2025,49,2025-12-01,141352.76
Loja_04,2025,50,2025-12-08,132387.1
Loja_04,2025,51,2025-12-15,166728.38
Loja_04,2025,52,2025-12-22,138825.46
Loja_04,2025,1,2025-12-29,151398.34
Loja_05,2025,2,2025-01-06,115883.6
Loja_05,2025,3,2025-01-13,132600.24
Loja_05,2025,4,2025-01-20,132930.7
Loja_05,2025,5,2025-01-27,123331.41
Loja_05,2025,6,2025-02-03,117914.63
Loja_05,2025,7,2025-02-10,140794.95
Loja_05,2025,8,2025-02-17,145387.64
Loja_05,2025,9,2025-02-24,102334.63
Loja_05,2025,10,2025-03-03,102691.86
Loja_05,2025,11,2025-03-10,96293.54
Loja_05,2025,12,2025-03-17,117925.22
Loja_05,2025,13,2025-03-24,134337.62
Loja_05,2025,14,2025-03-31,103498.18
Loja_05,2025,15,2025-04-07,109364.29
Loja_05,2025,16,2025-04-14,131491.75
Loja_05,2025,17,2025-04-21,133144.35
Loja_05,2025,18,2025-04-28,131427.27
Loja_05,2025,19,2025-05-05,139045.45
Loja_05,2025,20,2025-05-12,108527.12
Loja_05,2025,21,2025-05-19,142837.89
Loja_05,2025,22,2025-05-26,111832.95
Loja_05,2025,23,2025-06-02,138267.6
Loja_05,2025,24,2025-06-09,132862.15
Loja_05,2025,25,2025-06-16,100652.49
Loja_05,2025,26,2025-06-23,116776.36
Loja_05,2025,27,2025-06-30,134759.77
Loja_05,2025,28,2025-07-07,106025.94
Loja_05,2025,29,2025-07-14,130842.04
Loja_05,2025,30,2025-07-21,109523.74
Loja_05,2025,31,2025-07-28,109264.05
Loja_05,2025,32,2025-08-04,130187.27
Loja_05,2025,33,2025-08-11,130006.38
Loja_05,2025,34,2025-08-18,104472.31
Loja_05,2025,35,2025-08-25,131719.55
Loja_05,2025,36,2025-09-01,136133.5
Loja_05,2025,37,2025-09-08,128775.76
Loja_05,2025,38,2025-09-15,112314.72
Loja_05,2025,39,2025-09-22,107904.84
Loja_05,2025,40,2025-09-29,112336.07
Loja_05,2025,41,2025-10-06,113567.87
Loja_05,2025,42,2025-10-13,119097.6
Loja_05,2025,43,2025-10-20,111435.44
Loja_05,2025,44,2025-10-27,114739.67
Loja_05,2025,45,2025-11-03,119323.06
Loja_05,2025,46,2025-11-10,59150.61
Loja_05,2025,47,2025-11-17,117659.41
Loja_05,2025,48,2025-11-24,109709.75
Loja_05,2025,49,2025-12-01,99293.03
Loja_05,2025,50,2025-12-08,122582.15
Loja_05,2025,51,2025-12-15,128359.86
Loja_05,2025,52,2025-12-22,104909.87
Loja_05,2025,1,2025-12-29,139864.23
Loja_06,2025,2,2025-01-06,116655.04
Loja_06,2025,3,2025-01-13,116432.22
Loja_06,2025,4,2025-01-20,128390.79
Loja_06,2025,5,2025-01-27,131492.45
Loja_06,2025,6,2025-02-03,139067.39
Loja_06,2025,7,2025-02-10,126130.07
Loja_06,2025,8,2025-02-17,114318.21
Loja_06,2025,9,2025-02-24,160897.57
Loja_06,2025,10,2025-03-03,136516.34
Loja_06,2025,11,2025-03-10,181354.03
Loja_06,2025,12,2025-03-17,132021.13
Loja_06,2025,13,2025-03-24,129471.4
Loja_06,2025,14,2025-03-31,125441.8
Loja_06,2025,15,2025-04-07,140929.98
Loja_06,2025,16,2025-04-14,179827.56
Loja_06,2025,17,2025-04-21,109359.67
Loja_06,2025,18,2025-04-28,125423.91
Loja_06,2025,19,2025-05-05,111911.05
Loja_06,2025,20,2025-05-12,148842.3
Loja_06,2025,21,2025-05-19,118151.88
Loja_06,2025,22,2025-05-26,119814.35
Loja_06,2025,23,2025-06-02,146547.6
Loja_06,2025,24,2025-06-09,131108.43
Loja_06,2025,25,2025-06-16,132787.58
Loja_06,2025,26,2025-06-23,113633.43
Loja_06,2025,27,2025-06-30,125686.24
Loja_06,2025,28,2025-07-07,125037.56
Loja_06,2025,29,2025-07-14,142849.76
Loja_06,2025,30,2025-07-21,122476.44
Loja_06,2025,31,2025-07-28,109991.53
Loja_06,2025,32,2025-08-04,147668.93
Loja_06,2025,33,2025-08-11,139109.71
Loja_06,2025,34,2025-08-18,96556.23
Loja_06,2025,35,2025-08-25,96203.94
Loja_06,2025,36,2025-09-01,93436.03
Loja_06,2025,37,2025-09-08,121521.21
Loja_06,2025,38,2025-09-15,100754.76
Loja_06,2025,39,2025-09-22,94855.88
Loja_06,2025,40,2025-09-29,97132.08
Loja_06,2025,41,2025-10-06,102388.42
Loja_06,2025,42,2025-10-13,101475.13
Loja_06,2025,43,2025-10-20,115245.14
Loja_06,2025,44,2025-10-27,117702.63
Loja_06,2025,45,2025-11-03,90812.59
Loja_06,2025,46,2025-11-10,122392.62
Loja_06,2025,47,2025-11-17,98099.51
Loja_06,2025,48,2025-11-24,129241.46
Loja_06,2025,49,2025-12-01,121088.15
Loja_06,2025,50,2025-12-08,128924.66
Loja_06,2025,51,2025-12-15,124354.43
Loja_06,2025,52,2025-12-22,113049.17
Loja_06,2025,1,2025-12-29,140417.29
Loja_07,2025,2,2025-01-06,94727.9
Loja_07,2025,3,2025-01-13,103660.92
Loja_07,2025,4,2025-01-20,117167.76
Loja_07,2025,5,2025-01-27,159419.79
Loja_07,2025,6,2025-02-03,105921.47
Loja_07,2025,7,2025-02-10,127090.28
Loja_07,2025,8,2025-02-17,126209.68
Loja_07,2025,9,2025-02-24,152012.02
Loja_07,2025,10,2025-03-03,146011.06
Loja_07,2025,11,2025-03-10,162859.48
Loja_07,2025,12,2025-03-17,108819.41
Loja_07,2025,13,2025-03-24,150817.55
Loja_07,2025,14,2025-03-31,127179.99
Loja_07,2025,15,2025-04-07,146012.49
Loja_07,2025,16,2025-04-14,143513.4
Loja_07,2025,17,2025-04-21,112279.94
Loja_07,2025,18,2025-04-28,145249.12
Loja_07,2025,19,2025-05-05,154416.04
Loja_07,2025,20,2025-05-12,145372.7
Loja_07,2025,21,2025-05-19,136215.45
Loja_07,2025,22,2025-05-26,119966.73
Loja_07,2025,23,2025-06-02,135345.47
Loja_07,2025,24,2025-06-09,111789.59
Loja_07,2025,25,2025-06-16,112939.8
Loja_07,2025,26,2025-06-23,138620.58
Loja_07,2025,27,2025-06-30,101936.19
Loja_07,2025,28,2025-07-07,129467.65
Loja_07,2025,29,2025-07-14,99232.93
Loja_07,2025,30,2025-07-21,126665.9
Loja_07,2025,31,2025-07-28,123262.96
Loja_07,2025,32,2025-08-04,119338.24
Loja_07,2025,33,2025-08-11,99589.96
Loja_07,2025,34,2025-08-18,130057.22
Loja_07,2025,35,2025-08-25,80204.27
Loja_07,2025,36,2025-09-01,93735.93
Loja_07,2025,37,2025-09-08,108825.77
Loja_07,2025,38,2025-09-15,98907.24
Loja_07,2025,39,2025-09-22,107279.42
Loja_07,2025,40,2025-09-29,118499.86
Loja_07,2025,41,2025-10-06,71180.45
Loja_07,2025,42,2025-10-13,118930.98
Loja_07,2025,43,2025-10-20,106119.36
Loja_07,2025,44,2025-10-27,95802.97
Loja_07,2025,45,2025-11-03,76933.83
Loja_07,2025,46,2025-11-10,123626.6
Loja_07,2025,47,2025-11-17,93250.93
Loja_07,2025,48,2025-11-24,123804.93
Loja_07,2025,49,2025-12-01,115535.45
Loja_07,2025,50,2025-12-08,115743.23
Loja_07,2025,51,2025-12-15,107654.29
Loja_07,2025,52,2025-12-22,135531.48
Loja_07,2025,1,2025-12-29,106893.71
Loja_08,2025,2,2025-01-06,109376.08
Loja_08,2025,3,2025-01-13,133895.95
Loja_08,2025,4,2025-01-20,105984.9
Loja_08,2025,5,2025-01-27,134755.24
Loja_08,2025,6,2025-02-03,114149.98
Loja_08,2025,7,2025-02-10,122507.68
Loja_08,2025,8,2025-02-17,95594.02
Loja_08,2025,9,2025-02-24,117973.62
Loja_08,2025,10,2025-03-03,175439.3
Loja_08,2025,11,2025-03-10,123470.66
Loja_08,2025,12,2025-03-17,154889.67
Loja_08,2025,13,2025-03-24,130498.36
Loja_08,2025,14,2025-03-31,167755.38
Loja_08,2025,15,2025-04-07,132876.88
Loja_08,2025,16,2025-04-14,138045.43
Loja_08,2025,17,2025-04-21,125139.31
Loja_08,2025,18,2025-04-28,150114.32
Loja_08,2025,19,2025-05-05,146610.87
Loja_08,2025,20,2025-05-12,120811.78
Loja_08,2025,21,2025-05-19,144247.64
Loja_08,2025,22,2025-05-26,140964.51
Loja_08,2025,23,2025-06-02,142546.18
Loja_08,2025,24,2025-06-09,113686.92
Loja_08,2025,25,2025-06-16,103144.0
Loja_08,2025,26,2025-06-23,130153.88
Loja_08,2025,27,2025-06-30,67909.92
Loja_08,2025,28,2025-07-07,114162.6
Loja_08,2025,29,2025-07-14,105885.2
Loja_08,2025,30,2025-07-21,98840.98
Loja_08,2025,31,2025-07-28,106200.54
Loja_08,2025,32,2025-08-04,130276.01
Loja_08,2025,33,2025-08-11,99695.1
Loja_08,2025,34,2025-08-18,105754.27
Loja_08,2025,35,2025-08-25,92272.1
Loja_08,2025,36,2025-09-01,100799.27
Loja_08,2025,37,2025-09-08,80118.53
Loja_08,2025,38,2025-09-15,113357.96
Loja_08,2025,39,2025-09-22,116085.32
Loja_08,2025,40,2025-09-29,75207.01
Loja_08,2025,41,2025-10-06,102977.72
Loja_08,2025,42,2025-10-13,89453.41
Loja_08,2025,43,2025-10-20,92348.41
Loja_08,2025,44,2025-10-27,96284.92
Loja_08,2025,45,2025-11-03,82080.98
Loja_08,2025,46,2025-11-10,109002.24
Loja_08,2025,47,2025-11-17,82493.21
Loja_08,2025,48,2025-11-24,110101.67
Loja_08,2025,49,2025-12-01,110652.23
Loja_08,2025,50,2025-12-08,97359.06
Loja_08,2025,51,2025-12-15,118433.16
Loja_08,2025,52,2025-12-22,141122.07
Loja_08,2025,1,2025-12-29,146975.42
Loja_09,2025,2,2025-01-06,90625.68
Loja_09,2025,3,2025-01-13,107817.93
Loja_09,2025,4,2025-01-20,123302.44
Loja_09,2025,5,2025-01-27,118843.47
Loja_09,2025,6,2025-02-03,122132.08
Loja_09,2025,7,2025-02-10,106635.62
Loja_09,2025,8,2025-02-17,122411.24
Loja_09,2025,9,2025-02-24,156795.93
Loja_09,2025,10,2025-03-03,115660.07
Loja_09,2025,11,2025-03-10,131029.22
Loja_09,2025,12,2025-03-17,120009.52
Loja_09,2025,13,2025-03-24,129444.27
Loja_09,2025,14,2025-03-31,120716.84
Loja_09,2025,15,2025-04-07,121006.44
Loja_09,2025,16,2025-04-14,120591.6
Loja_09,2025,17,2025-04-21,106808.45
Loja_09,2025,18,2025-04-28,122948.91
Loja_09,2025,19,2025-05-05,128564.27
Loja_09,2025,20,2025-05-12,123517.75
Loja_09,2025,21,2025-05-19,139987.11
Loja_09,2025,22,2025-05-26,79470.71
Loja_09,2025,23,2025-06-02,139214.59
Loja_09,2025,24,2025-06-09,114598.0
Loja_09,2025,25,2025-06-16,102445.3
Loja_09,2025,26,2025-06-23,121478.94
Loja_09,2025,27,2025-06-30,105976.5
Loja_09,2025,28,2025-07-07,127045.08
Loja_09,2025,29,2025-07-14,115841.67
Loja_09,2025,30,2025-07-21,120431.3
Loja_09,2025,31,2025-07-28,98365.6
Loja_09,2025,32,2025-08-04,104113.87
Loja_09,2025,33,2025-08-11,117527.22
Loja_09,2025,34,2025-08-18,125266.79
Loja_09,2025,35,2025-08-25,121651.79
Loja_09,2025,36,2025-09-01,93911.95
Loja_09,2025,37,2025-09-08,128918.25
Loja_09,2025,38,2025-09-15,111183.79
Loja_09,2025,39,2025-09-22,134001.43
Loja_09,2025,40,2025-09-29,128571.25
Loja_09,2025,41,2025-10-06,126887.25
Loja_09,2025,42,2025-10-13,131460.49
Loja_09,2025,43,2025-10-20,97558.38
Loja_09,2025,44,2025-10-27,109275.03
Loja_09,2025,45,2025-11-03,154821.84
Loja_09,2025,46,2025-11-10,155010.6
Loja_09,2025,47,2025-11-17,120709.67
Loja_09,2025,48,2025-11-24,148092.24
Loja_09,2025,49,2025-12-01,116895.4
Loja_09,2025,50,2025-12-08,120724.24
Loja_09,2025,51,2025-12-15,107288.26
Loja_09,2025,52,2025-12-22,103747.97
Loja_09,2025,1,2025-12-29,96652.77
Loja_10,2025,2,2025-01-06,155108.83
Loja_10,2025,3,2025-01-13,94403.69
Loja_10,2025,4,2025-01-20,133070.75
Loja_10,2025,5,2025-01-27,126720.98
Loja_10,2025,6,2025-02-03,135773.11
Loja_10,2025,7,2025-02-10,169496.21
Loja_10,2025,8,2025-02-17,138374.22
Loja_10,2025,9,2025-02-24,168700.55
Loja_10,2025,10,2025-03-03,153204.21
Loja_10,2025,11,2025-03-10,114003.3
Loja_10,2025,12,2025-03-17,148436.67
Loja_10,2025,13,2025-03-24,133093.5
Loja_10,2025,14,2025-03-31,135343.5
Loja_10,2025,15,2025-04-07,125457.13
Loja_10,2025,16,2025-04-14,141972.69
Loja_10,2025,17,2025-04-21,135508.91
Loja_10,2025,18,2025-04-28,159908.36
Loja_10,2025,19,2025-05-05,163343.8
Loja_10,2025,20,2025-05-12,95067.26
Loja_10,2025,21,2025-05-19,135515.01
Loja_10,2025,22,2025-05-26,143530.44
Loja_10,2025,23,2025-06-02,137130.25
Loja_10,2025,24,2025-06-09,114725.37
Loja_10,2025,25,2025-06-16,130945.86
Loja_10,2025,26,2025-06-23,129314.8
Loja_10,2025,27,2025-06-30,151923.33
Loja_10,2025,28,2025-07-07,157373.09
Loja_10,2025,29,2025-07-14,138091.87
Loja_10,2025,30,2025-07-21,131205.61
Loja_10,2025,31,2025-07-28,158933.72
Loja_10,2025,32,2025-08-04,152226.27
Loja_10,2025,33,2025-08-11,133547.32
Loja_10,2025,34,2025-08-18,130317.61
Loja_10,2025,35,2025-08-25,121192.24
Loja_10,2025,36,2025-09-01,146883.1
Loja_10,2025,37,2025-09-08,131544.03
Loja_10,2025,38,2025-09-15,127183.41
Loja_10,2025,39,2025-09-22,111485.49
Loja_10,2025,40,2025-09-29,112526.92
Loja_10,2025,41,2025-10-06,115191.57
Loja_10,2025,42,2025-10-13,140533.36
Loja_10,2025,43,2025-10-20,125903.42
Loja_10,2025,44,2025-10-27,112301.68
Loja_10,2025,45,2025-11-03,109622.87
Loja_10,2025,46,2025-11-10,129042.24
Loja_10,2025,47,2025-11-17,114799.76
Loja_10,2025,48,2025-11-24,112586.14
Loja_10,2025,49,2025-12-01,131105.23
Loja_10,2025,50,2025-12-08,151147.32
Loja_10,2025,51,2025-12-15,143692.59
Loja_10,2025,52,2025-12-22,113567.62
Loja_10,2025,1,2025-12-29,138935.95
Loja_11,2025,2,2025-01-06,125367.5
Loja_11,2025,3,2025-01-13,105652.31
Loja_11,2025,4,2025-01-20,96541.74
Loja_11,2025,5,2025-01-27,121393.57
Loja_11,2025,6,2025-02-03,120349.08
Loja_11,2025,7,2025-02-10,104203.58
Loja_11,2025,8,2025-02-17,129335.34
Loja_11,2025,9,2025-02-24,102855.72
Loja_11,2025,10,2025-03-03,147756.64
Loja_11,2025,11,2025-03-10,144687.46
Loja_11,2025,12,2025-03-17,125232.84
Loja_11,2025,13,2025-03-24,102282.65
Loja_11,2025,14,2025-03-31,100927.42
Loja_11,2025,15,2025-04-07,107227.38
Loja_11,2025,16,2025-04-14,133689.31
Loja_11,2025,17,2025-04-21,97629.6
Loja_11,2025,18,2025-04-28,122545.56
Loja_11,2025,19,2025-05-05,132666.34
Loja_11,2025,20,2025-05-12,118112.81
Loja_11,2025,21,2025-05-19,133633.55
Loja_11,2025,22,2025-05-26,121447.97
Loja_11,2025,23,2025-06-02,114887.48
Loja_11,2025,24,2025-06-09,104210.05
Loja_11,2025,25,2025-06-16,105020.66
Loja_11,2025,26,2025-06-23,129071.28
Loja_11,2025,27,2025-06-30,89887.02
Loja_11,2025,28,2025-07-07,136020.14
Loja_11,2025,29,2025-07-14,104852.31
Loja_11,2025,30,2025-07-21,124124.67
Loja_11,2025,31,2025-07-28,107518.59
Loja_11,2025,32,2025-08-04,123624.76
Loja_11,2025,33,2025-08-11,88176.54
Loja_11,2025,34,2025-08-18,118052.34
Loja_11,2025,35,2025-08-25,117479.86
Loja_11,2025,36,2025-09-01,108697.68
Loja_11,2025,37,2025-09-08,98901.11
Loja_11,2025,38,2025-09-15,79045.49
Loja_11,2025,39,2025-09-22,90954.16
Loja_11,2025,40,2025-09-29,102865.81
Loja_11,2025,41,2025-10-06,76773.0
Loja_11,2025,42,2025-10-13,106631.06
Loja_11,2025,43,2025-10-20,87060.54
Loja_11,2025,44,2025-10-27,109007.62
Loja_11,2025,45,2025-11-03,111865.32
Loja_11,2025,46,2025-11-10,108554.33
Loja_11,2025,47,2025-11-17,86549.19
Loja_11,2025,48,2025-11-24,113856.96
Loja_11,2025,49,2025-12-01,101510.08
Loja_11,2025,50,2025-12-08,108045.49
Loja_11,2025,51,2025-12-15,116785.37
Loja_11,2025,52,2025-12-22,108598.35
Loja_11,2025,1,2025-12-29,104740.75
Loja_12,2025,2,2025-01-06,99660.27
Loja_12,2025,3,2025-01-13,131485.69
Loja_12,2025,4,2025-01-20,109333.64
Loja_12,2025,5,2025-01-27,119449.83
Loja_12,2025,6,2025-02-03,92184.02
Loja_12,2025,7,2025-02-10,100026.34
Loja_12,2025,8,2025-02-17,115763.73
Loja_12,2025,9,2025-02-24,118467.8
Loja_12,2025,10,2025-03-03,88363.89
Loja_12,2025,11,2025-03-10,118858.83
Loja_12,2025,12,2025-03-17,116714.53
Loja_12,2025,13,2025-03-24,100100.58
Loja_12,2025,14,2025-03-31,114634.37
Loja_12,2025,15,2025-04-07,119360.53
Loja_12,2025,16,2025-04-14,134552.22
Loja_12,2025,17,2025-04-21,136050.43
Loja_12,2025,18,2025-04-28,123214.33
Loja_12,2025,19,2025-05-05,99457.73
Loja_12,2025,20,2025-05-12,115270.14
Loja_12,2025,21,2025-05-19,126052.53
Loja_12,2025,22,2025-05-26,91737.45
Loja_12,2025,23,2025-06-02,106670.66
Loja_12,2025,24,2025-06-09,106111.98
Loja_12,2025,25,2025-06-16,99057.08
Loja_12,2025,26,2025-06-23,93683.59
Loja_12,2025,27,2025-06-30,91215.8
Loja_12,2025,28,2025-07-07,81647.98
Loja_12,2025,29,2025-07-14,99994.85
Loja_12,2025,30,2025-07-21,120775.84
Loja_12,2025,31,2025-07-28,108933.32
Loja_12,2025,32,2025-08-04,119164.46
Loja_12,2025,33,2025-08-11,107416.18
Loja_12,2025,34,2025-08-18,125572.18
Loja_12,2025,35,2025-08-25,126806.46
Loja_12,2025,36,2025-09-01,99529.11
Loja_12,2025,37,2025-09-08,88156.18
Loja_12,2025,38,2025-09-15,77625.12
Loja_12,2025,39,2025-09-22,101888.38
Loja_12,2025,40,2025-09-29,92652.61
Loja_12,2025,41,2025-10-06,102773.75
Loja_12,2025,42,2025-10-13,103776.61
Loja_12,2025,43,2025-10-20,127727.8
Loja_12,2025,44,2025-10-27,102761.49
Loja_12,2025,45,2025-11-03,94814.59
Loja_12,2025,46,2025-11-10,111466.41
Loja_12,2025,47,2025-11-17,95519.51
Loja_12,2025,48,2025-11-24,117036.94
Loja_12,2025,49,2025-12-01,112387.78
Loja_12,2025,50,2025-12-08,109730.49
Loja_12,2025,51,2025-12-15,101230.74
Loja_12,2025,52,2025-12-22,117049.81
Loja_12,2025,1,2025-12-29,102496.46
Loja_13,2025,2,2025-01-06,118410.91
Loja_13,2025,3,2025-01-13,110956.47
Loja_13,2025,4,2025-01-20,120773.99
Loja_13,2025,5,2025-01-27,111799.85
Loja_13,2025,6,2025-02-03,90174.92
Loja_13,2025,7,2025-02-10,131284.69
Loja_13,2025,8,2025-02-17,121244.77
Loja_13,2025,9,2025-02-24,105967.2
Loja_13,2025,10,2025-03-03,119138.48
Loja_13,2025,11,2025-03-10,113615.05
Loja_13,2025,12,2025-03-17,128192.43
Loja_13,2025,13,2025-03-24,135164.39
Loja_13,2025,14,2025-03-31,164790.88
Loja_13,2025,15,2025-04-07,128185.29
Loja_13,2025,16,2025-04-14,143606.38
Loja_13,2025,17,2025-04-21,137400.71
Loja_13,2025,18,2025-04-28,123898.49
Loja_13,2025,19,2025-05-05,136859.61
Loja_13,2025,20,2025-05-12,134997.67
Loja_13,2025,21,2025-05-19,147983.35
Loja_13,2025,22,2025-05-26,158189.14
Loja_13,2025,23,2025-06-02,117528.24
Loja_13,2025,24,2025-06-09,142589.04
Loja_13,2025,25,2025-06-16,116477.02
Loja_13,2025,26,2025-06-23,133719.87
Loja_13,2025,27,2025-06-30,130614.2
Loja_13,2025,28,2025-07-07,108270.92
Loja_13,2025,29,2025-07-14,123237.25
Loja_13,2025,30,2025-07-21,96130.31
Loja_13,2025,31,2025-07-28,108962.29
Loja_13,2025,32,2025-08-04,121219.05
Loja_13,2025,33,2025-08-11,114048.13
Loja_13,2025,34,2025-08-18,75126.3
Loja_13,2025,35,2025-08-25,98237.09
Loja_13,2025,36,2025-09-01,113076.92
Loja_13,2025,37,2025-09-08,75404.45
Loja_13,2025,38,2025-09-15,95253.5
Loja_13,2025,39,2025-09-22,97794.55
Loja_13,2025,40,2025-09-29,110368.59
Loja_13,2025,41,2025-10-06,115098.96
Loja_13,2025,42,2025-10-13,113896.05
Loja_13,2025,43,2025-10-20,105409.5
Loja_13,2025,44,2025-10-27,94880.02
Loja_13,2025,45,2025-11-03,106360.55
Loja_13,2025,46,2025-11-10,96190.88
Loja_13,2025,47,2025-11-17,115408.39
Loja_13,2025,48,2025-11-24,135152.6
Loja_13,2025,49,2025-12-01,107273.53
Loja_13,2025,50,2025-12-08,108559.06
Loja_13,2025,51,2025-12-15,124439.23
Loja_13,2025,52,2025-12-22,109722.93
Loja_13,2025,1,2025-12-29,106232.4
Loja_14,2025,2,2025-01-06,124694.86
Loja_14,2025,3,2025-01-13,114773.21
Loja_14,2025,4,2025-01-20,141376.25
Loja_14,2025,5,2025-01-27,131385.95
Loja_14,2025,6,2025-02-03,118328.7
Loja_14,2025,7,2025-02-10,127685.3
Loja_14,2025,8,2025-02-17,142512.53
Loja_14,2025,9,2025-02-24,152330.93
Loja_14,2025,10,2025-03-03,141202.79
Loja_14,2025,11,2025-03-10,124929.69
Loja_14,2025,12,2025-03-17,147344.96
Loja_14,2025,13,2025-03-24,132190.65
Loja_14,2025,14,2025-03-31,143336.73
Loja_14,2025,15,2025-04-07,121030.68
Loja_14,2025,16,2025-04-14,155968.99
Loja_14,2025,17,2025-04-21,133074.23
Loja_14,2025,18,2025-04-28,95146.39
Loja_14,2025,19,2025-05-05,140068.02
Loja_14,2025,20,2025-05-12,133574.32
Loja_14,2025,21,2025-05-19,123559.8
Loja_14,2025,22,2025-05-26,126071.71
Loja_14,2025,23,2025-06-02,136164.92
Loja_14,2025,24,2025-06-09,106885.91
Loja_14,2025,25,2025-06-16,157785.1
Loja_14,2025,26,2025-06-23,115883.97
Loja_14,2025,27,2025-06-30,104161.95
Loja_14,2025,28,2025-07-07,157330.15
Loja_14,2025,29,2025-07-14,121087.77
Loja_14,2025,30,2025-07-21,138335.86
Loja_14,2025,31,2025-07-28,161262.72
Loja_14,2025,32,2025-08-04,86134.16
Loja_14,2025,33,2025-08-11,114515.74
Loja_14,2025,34,2025-08-18,119264.2
Loja_14,2025,35,2025-08-25,122020.91
Loja_14,2025,36,2025-09-01,124887.98
Loja_14,2025,37,2025-09-08,136795.16
Loja_14,2025,38,2025-09-15,128878.42
Loja_14,2025,39,2025-09-22,126479.06
Loja_14,2025,40,2025-09-29,134516.37
Loja_14,2025,41,2025-10-06,94698.72
Loja_14,2025,42,2025-10-13,98717.93
Loja_14,2025,43,2025-10-20,118692.59
Loja_14,2025,44,2025-10-27,95561.73
Loja_14,2025,45,2025-11-03,111528.77
Loja_14,2025,46,2025-11-10,147127.29
Loja_14,2025,47,2025-11-17,130882.58
Loja_14,2025,48,2025-11-24,115568.37
Loja_14,2025,49,2025-12-01,128143.96
Loja_14,2025,50,2025-12-08,132233.05
Loja_14,2025,51,2025-12-15,141576.22
Loja_14,2025,52,2025-12-22,162033.32
Loja_14,2025,1,2025-12-29,156684.93
Loja_15,2025,2,2025-01-06,107186.03
Loja_15,2025,3,2025-01-13,81479.74
Loja_15,2025,4,2025-01-20,111553.54
Loja_15,2025,5,2025-01-27,102720.34
Loja_15,2025,6,2025-02-03,107446.01
Loja_15,2025,7,2025-02-10,91160.53
Loja_15,2025,8,2025-02-17,121864.75
Loja_15,2025,9,2025-02-24,105676.18
Loja_15,2025,10,2025-03-03,103685.17
Loja_15,2025,11,2025-03-10,107513.25
Loja_15,2025,12,2025-03-17,142714.05
Loja_15,2025,13,2025-03-24,107947.31
Loja_15,2025,14,2025-03-31,109134.93
Loja_15,2025,15,2025-04-07,129053.75
Loja_15,2025,16,2025-04-14,130574.93
Loja_15,2025,17,2025-04-21,127961.57
Loja_15,2025,18,2025-04-28,149001.89
Loja_15,2025,19,2025-05-05,100883.7
Loja_15,2025,20,2025-05-12,115752.35
Loja_15,2025,21,2025-05-19,94033.1
Loja_15,2025,22,2025-05-26,119976.06
Loja_15,2025,23,2025-06-02,133842.76
Loja_15,2025,24,2025-06-09,121928.62
Loja_15,2025,25,2025-06-16,88485.62
Loja_15,2025,26,2025-06-23,87668.49
Loja_15,2025,27,2025-06-30,104672.97
Loja_15,2025,28,2025-07-07,115172.03
Loja_15,2025,29,2025-07-14,106064.11
Loja_15,2025,30,2025-07-21,93480.79
Loja_15,2025,31,2025-07-28,98442.06
Loja_15,2025,32,2025-08-04,97112.27
Loja_15,2025,33,2025-08-11,118115.45
Loja_15,2025,34,2025-08-18,87607.62
Loja_15,2025,35,2025-08-25,85571.74
Loja_15,2025,36,2025-09-01,131827.17
Loja_15,2025,37,2025-09-08,83456.74
Loja_15,2025,38,2025-09-15,85950.48
Loja_15,2025,39,2025-09-22,98270.72
Loja_15,2025,40,2025-09-29,88261.71
Loja_15,2025,41,2025-10-06,104514.18
Loja_15,2025,42,2025-10-13,97930.26
Loja_15,2025,43,2025-10-20,104653.42
Loja_15,2025,44,2025-10-27,108847.08
Loja_15,2025,45,2025-11-03,89063.15
Loja_15,2025,46,2025-11-10,113379.1
Loja_15,2025,47,2025-11-17,100537.94
Loja_15,2025,48,2025-11-24,86341.31
Loja_15,2025,49,2025-12-01,116119.82
Loja_15,2025,50,2025-12-08,92148.08
Loja_15,2025,51,2025-12-15,138832.64
Loja_15,2025,52,2025-12-22,129998.8
Loja_15,2025,1,2025-12-29,98437.64
Loja_16,2025,2,2025-01-06,134552.45
Loja_16,2025,3,2025-01-13,113150.77
Loja_16,2025,4,2025-01-20,110102.21
Loja_16,2025,5,2025-01-27,126878.18
Loja_16,2025,6,2025-02-03,120686.55
Loja_16,2025,7,2025-02-10,154328.17
Loja_16,2025,8,2025-02-17,120252.72
Loja_16,2025,9,2025-02-24,135046.46
Loja_16,2025,10,2025-03-03,154159.63
Loja_16,2025,11,2025-03-10,137231.11
Loja_16,2025,12,2025-03-17,167763.41
Loja_16,2025,13,2025-03-24,154901.02
Loja_16,2025,14,2025-03-31,132455.19
Loja_16,2025,15,2025-04-07,159829.7
Loja_16,2025,16,2025-04-14,147010.74
Loja_16,2025,17,2025-04-21,153693.92
Loja_16,2025,18,2025-04-28,156751.18
Loja_16,2025,19,2025-05-05,165004.05
Loja_16,2025,20,2025-05-12,141961.21
Loja_16,2025,21,2025-05-19,165511.41
Loja_16,2025,22,2025-05-26,159926.13
Loja_16,2025,23,2025-06-02,130161.63
Loja_16,2025,24,2025-06-09,134086.69
Loja_16,2025,25,2025-06-16,123122.08
Loja_16,2025,26,2025-06-23,138844.3
Loja_16,2025,27,2025-06-30,147614.39
Loja_16,2025,28,2025-07-07,141296.3
Loja_16,2025,29,2025-07-14,130676.05
Loja_16,2025,30,2025-07-21,102619.42
Loja_16,2025,31,2025-07-28,110384.35
Loja_16,2025,32,2025-08-04,96959.21
Loja_16,2025,33,2025-08-11,106562.78
Loja_16,2025,34,2025-08-18,103021.76
Loja_16,2025,35,2025-08-25,116939.61
Loja_16,2025,36,2025-09-01,107686.93
Loja_16,2025,37,2025-09-08,110460.11
Loja_16,2025,38,2025-09-15,94970.37
Loja_16,2025,39,2025-09-22,132961.55
Loja_16,2025,40,2025-09-29,107575.2
Loja_16,2025,41,2025-10-06,123749.4
Loja_16,2025,42,2025-10-13,109545.22
Loja_16,2025,43,2025-10-20,127149.95
Loja_16,2025,44,2025-10-27,129486.58
Loja_16,2025,45,2025-11-03,113134.35
Loja_16,2025,46,2025-11-10,130861.19
Loja_16,2025,47,2025-11-17,108309.79
Loja_16,2025,48,2025-11-24,103918.98
Loja_16,2025,49,2025-12-01,126213.95
Loja_16,2025,50,2025-12-08,168541.79
Loja_16,2025,51,2025-12-15,120837.42
Loja_16,2025,52,2025-12-22,132243.01
Loja_16,2025,1,2025-12-29,110675.87
Loja_17,2025,2,2025-01-06,76356.87
Loja_17,2025,3,2025-01-13,88306.43
Loja_17,2025,4,2025-01-20,99483.21
Loja_17,2025,5,2025-01-27,131201.38
Loja_17,2025,6,2025-02-03,135188.09
Loja_17,2025,7,2025-02-10,111027.59
Loja_17,2025,8,2025-02-17,106879.08
Loja_17,2025,9,2025-02-24,140778.84
Loja_17,2025,10,2025-03-03,94764.89
Loja_17,2025,11,2025-03-10,145663.07
Loja_17,2025,12,2025-03-17,158877.36
Loja_17,2025,13,2025-03-24,128632.07
Loja_17,2025,14,2025-03-31,127883.06
Loja_17,2025,15,2025-04-07,113703.07
Loja_17,2025,16,2025-04-14,112362.84
Loja_17,2025,17,2025-04-21,131334.41
Loja_17,2025,18,2025-04-28,134878.54
Loja_17,2025,19,2025-05-05,136687.59
Loja_17,2025,20,2025-05-12,109123.16
Loja_17,2025,21,2025-05-19,127270.71
Loja_17,2025,22,2025-05-26,130409.84
Loja_17,2025,23,2025-06-02,122557.35
Loja_17,2025,24,2025-06-09,107834.9
Loja_17,2025,25,2025-06-16,105278.31
Loja_17,2025,26,2025-06-23,130203.21
Loja_17,2025,27,2025-06-30,109728.96
Loja_17,2025,28,2025-07-07,127383.0
Loja_17,2025,29,2025-07-14,121292.04
Loja_17,2025,30,2025-07-21,106525.2
Loja_17,2025,31,2025-07-28,115871.27
Loja_17,2025,32,2025-08-04,110420.54
Loja_17,2025,33,2025-08-11,134542.32
Loja_17,2025,34,2025-08-18,105934.06
Loja_17,2025,35,2025-08-25,104138.53
Loja_17,2025,36,2025-09-01,107609.43
Loja_17,2025,37,2025-09-08,119621.75
Loja_17,2025,38,2025-09-15,111068.27
Loja_17,2025,39,2025-09-22,119303.48
Loja_17,2025,40,2025-09-29,124251.16
Loja_17,2025,41,2025-10-06,120418.77
Loja_17,2025,42,2025-10-13,129448.58
Loja_17,2025,43,2025-10-20,100711.68
Loja_17,2025,44,2025-10-27,95948.43
Loja_17,2025,45,2025-11-03,108065.95
Loja_17,2025,46,2025-11-10,105143.91
Loja_17,2025,47,2025-11-17,139239.26
Loja_17,2025,48,2025-11-24,131025.17
Loja_17,2025,49,2025-12-01,124507.2
Loja_17,2025,50,2025-12-08,134413.17
Loja_17,2025,51,2025-12-15,113372.38
Loja_17,2025,52,2025-12-22,130998.32
Loja_17,2025,1,2025-12-29,92715.64
Loja_18,2025,2,2025-01-06,110868.63
Loja_18,2025,3,2025-01-13,142726.95
Loja_18,2025,4,2025-01-20,143207.51
Loja_18,2025,5,2025-01-27,171098.16
Loja_18,2025,6,2025-02-03,137042.11
Loja_18,2025,7,2025-02-10,172608.46
Loja_18,2025,8,2025-02-17,167661.12
Loja_18,2025,9,2025-02-24,170042.48
Loja_18,2025,10,2025-03-03,200434.91
Loja_18,2025,11,2025-03-10,167866.57
Loja_18,2025,12,2025-03-17,133941.55
Loja_18,2025,13,2025-03-24,176522.01
Loja_18,2025,14,2025-03-31,146568.24
Loja_18,2025,15,2025-04-07,166170.61
Loja_18,2025,16,2025-04-14,146029.8
Loja_18,2025,17,2025-04-21,178627.41
Loja_18,2025,18,2025-04-28,150040.27
Loja_18,2025,19,2025-05-05,150198.96
Loja_18,2025,20,2025-05-12,160368.74
Loja_18,2025,21,2025-05-19,152809.28
Loja_18,2025,22,2025-05-26,178025.34
Loja_18,2025,23,2025-06-02,158385.41
Loja_18,2025,24,2025-06-09,150020.96
Loja_18,2025,25,2025-06-16,153188.36
Loja_18,2025,26,2025-06-23,125776.37
Loja_18,2025,27,2025-06-30,149739.2
Loja_18,2025,28,2025-07-07,164032.12
Loja_18,2025,29,2025-07-14,136024.03
Loja_18,2025,30,2025-07-21,152541.57
Loja_18,2025,31,2025-07-28,129330.87
Loja_18,2025,32,2025-08-04,144072.73
Loja_18,2025,33,2025-08-11,135384.3
Loja_18,2025,34,2025-08-18,138549.72
Loja_18,2025,35,2025-08-25,120418.75
Loja_18,2025,36,2025-09-01,138910.84
Loja_18,2025,37,2025-09-08,117544.2
Loja_18,2025,38,2025-09-15,120135.59
Loja_18,2025,39,2025-09-22,114606.85
Loja_18,2025,40,2025-09-29,118455.33
Loja_18,2025,41,2025-10-06,142885.56
Loja_18,2025,42,2025-10-13,129844.72
Loja_18,2025,43,2025-10-20,114555.94
Loja_18,2025,44,2025-10-27,150046.36
Loja_18,2025,45,2025-11-03,150535.26
Loja_18,2025,46,2025-11-10,114858.84
Loja_18,2025,47,2025-11-17,147212.54
Loja_18,2025,48,2025-11-24,128548.89
Loja_18,2025,49,2025-12-01,153536.74
Loja_18,2025,50,2025-12-08,159298.1
Loja_18,2025,51,2025-12-15,138853.85
Loja_18,2025,52,2025-12-22,127571.83
Loja_18,2025,1,2025-12-29,165217.22
Loja_19,2025,2,2025-01-06,123816.3
Loja_19,2025,3,2025-01-13,125039.36
Loja_19,2025,4,2025-01-20,131274.68
Loja_19,2025,5,2025-01-27,163290.06
Loja_19,2025,6,2025-02-03,171287.45
Loja_19,2025,7,2025-02-10,151362.63
Loja_19,2025,8,2025-02-17,125714.47
Loja_19,2025,9,2025-02-24,156644.9
Loja_19,2025,10,2025-03-03,113919.41
Loja_19,2025,11,2025-03-10,131099.6
Loja_19,2025,12,2025-03-17,148147.93
Loja_19,2025,13,2025-03-24,121875.46
Loja_19,2025,14,2025-03-31,119140.89
Loja_19,2025,15,2025-04-07,141657.48
Loja_19,2025,16,2025-04-14,123040.65
Loja_19,2025,17,2025-04-21,134904.43
Loja_19,2025,18,2025-04-28,144995.53
Loja_19,2025,19,2025-05-05,147171.94
Loja_19,2025,20,2025-05-12,121101.36
Loja_19,2025,21,2025-05-19,138716.78
Loja_19,2025,22,2025-05-26,138034.23
Loja_19,2025,23,2025-06-02,152782.26
Loja_19,2025,24,2025-06-09,165250.68
Loja_19,2025,25,2025-06-16,121907.6
Loja_19,2025,26,2025-06-23,134308.73
Loja_19,2025,27,2025-06-30,137506.34
Loja_19,2025,28,2025-07-07,150209.24
Loja_19,2025,29,2025-07-14,125322.3
Loja_19,2025,30,2025-07-21,118214.21
Loja_19,2025,31,2025-07-28,132942.1
Loja_19,2025,32,2025-08-04,125381.74
Loja_19,2025,33,2025-08-11,113125.42
Loja_19,2025,34,2025-08-18,117670.19
Loja_19,2025,35,2025-08-25,124824.93
Loja_19,2025,36,2025-09-01,108816.13
Loja_19,2025,37,2025-09-08,121981.88
Loja_19,2025,38,2025-09-15,109477.95
Loja_19,2025,39,2025-09-22,120212.55
Loja_19,2025,40,2025-09-29,136012.02
Loja_19,2025,41,2025-10-06,126271.6
Loja_19,2025,42,2025-10-13,110568.92
Loja_19,2025,43,2025-10-20,143433.14
Loja_19,2025,44,2025-10-27,96482.38
Loja_19,2025,45,2025-11-03,123111.49
Loja_19,2025,46,2025-11-10,134887.12
Loja_19,2025,47,2025-11-17,113101.81
Loja_19,2025,48,2025-11-24,123853.45
Loja_19,2025,49,2025-12-01,104143.83
Loja_19,2025,50,2025-12-08,134827.84
Loja_19,2025,51,2025-12-15,141829.82
Loja_19,2025,52,2025-12-22,140819.81
Loja_19,2025,1,2025-12-29,148561.6
Loja_20,2025,2,2025-01-06,137691.9
Loja_20,2025,3,2025-01-13,155984.87
Loja_20,2025,4,2025-01-20,112801.61
Loja_20,2025,5,2025-01-27,171124.31
Loja_20,2025,6,2025-02-03,135627.5
Loja_20,2025,7,2025-02-10,122614.63
Loja_20,2025,8,2025-02-17,151095.92
Loja_20,2025,9,2025-02-24,190089.39
Loja_20,2025,10,2025-03-03,159736.2
Loja_20,2025,11,2025-03-10,171581.03
Loja_20,2025,12,2025-03-17,167172.89
Loja_20,2025,13,2025-03-24,182942.1
Loja_20,2025,14,2025-03-31,125302.83
Loja_20,2025,15,2025-04-07,148781.7
Loja_20,2025,16,2025-04-14,153224.56
Loja_20,2025,17,2025-04-21,136747.07
Loja_20,2025,18,2025-04-28,205254.27
Loja_20,2025,19,2025-05-05,129222.77
Loja_20,2025,20,2025-05-12,163490.3
Loja_20,2025,21,2025-05-19,142973.05
Loja_20,2025,22,2025-05-26,159985.65
Loja_20,2025,23,2025-06-02,170421.22
Loja_20,2025,24,2025-06-09,134105.34
Loja_20,2025,25,2025-06-16,165390.92
Loja_20,2025,26,2025-06-23,140752.73
Loja_20,2025,27,2025-06-30,127782.24
Loja_20,2025,28,2025-07-07,137996.48
Loja_20,2025,29,2025-07-14,144390.43
Loja_20,2025,30,2025-07-21,128273.97
Loja_20,2025,31,2025-07-28,171678.98
Loja_20,2025,32,2025-08-04,167972.64
Loja_20,2025,33,2025-08-11,113409.58
Loja_20,2025,34,2025-08-18,120321.65
Loja_20,2025,35,2025-08-25,146980.11
Loja_20,2025,36,2025-09-01,144873.19
Loja_20,2025,37,2025-09-08,117271.85
Loja_20,2025,38,2025-09-15,126760.82
Loja_20,2025,39,2025-09-22,156995.51
Loja_20,2025,40,2025-09-29,158433.62
Loja_20,2025,41,2025-10-06,135940.66
Loja_20,2025,42,2025-10-13,121436.33
Loja_20,2025,43,2025-10-20,126484.9
Loja_20,2025,44,2025-10-27,160682.97
Loja_20,2025,45,2025-11-03,161108.88
Loja_20,2025,46,2025-11-10,160578.88
Loja_20,2025,47,2025-11-17,172386.66
Loja_20,2025,48,2025-11-24,119587.76
Loja_20,2025,49,2025-12-01,150105.05
Loja_20,2025,50,2025-12-08,157155.44
Loja_20,2025,51,2025-12-15,164902.22
Loja_20,2025,52,2025-12-22,148503.92
Loja_20,2025,1,2025-12-29,144517.86
